{"cameraMode":{"drawMode":0,"name":"Shaded","section":"Shading Mode"},"sceneLighting":false,"audioPlay":false,"sceneViewState":{"showFog":true,"showMaterialUpdate":false,"showSkybox":false,"showFlares":true,"showImageEffects":true,"showParticleSystems":true},"in2DMode":false,"pivot":{"x":-0.4190000295639038,"y":1.2277240753173829,"z":0.5609999895095825},"rotation":{"x":0.22761331498622895,"y":0.37408608198165896,"z":-0.09525883942842484,"w":0.894015908241272},"size":1.9280635118484498,"orthographic":false}