{"cameraMode":{"drawMode":0,"name":"Shaded","section":"Shading Mode"},"sceneLighting":false,"audioPlay":false,"sceneViewState":{"showFog":true,"showMaterialUpdate":false,"showSkybox":false,"showFlares":true,"showImageEffects":true,"showParticleSystems":true},"in2DMode":false,"pivot":{"x":0.6941657066345215,"y":-0.0003751995973289013,"z":0.0012530088424682618},"rotation":{"x":0.46062710881233218,"y":-0.019710861146450044,"z":0.010213159024715424,"w":0.8873648643493652},"size":1.6941661834716797,"orthographic":false}