{"cameraMode":{"drawMode":0,"name":"Shaded","section":"Shading Mode"},"sceneLighting":false,"audioPlay":false,"sceneViewState":{"showFog":true,"showMaterialUpdate":false,"showSkybox":false,"showFlares":true,"showImageEffects":true,"showParticleSystems":true},"in2DMode":false,"pivot":{"x":1.2172164916992188,"y":0.21112966537475587,"z":0.3688317537307739},"rotation":{"x":0.46062710881233218,"y":-0.019710861146450044,"z":0.010213159024715424,"w":0.8873648643493652},"size":1.1941664218902588,"orthographic":false}