{"cameraMode":{"drawMode":0,"name":"Shaded","section":"Shading Mode"},"sceneLighting":false,"audioPlay":false,"sceneViewState":{"showFog":true,"showMaterialUpdate":true,"showSkybox":false,"showFlares":true,"showImageEffects":true,"showParticleSystems":true},"in2DMode":false,"pivot":{"x":0.08464454114437103,"y":1.3043184280395508,"z":0.008190155029296875},"rotation":{"x":-0.00180502375587821,"y":0.9979766607284546,"z":-0.05425548553466797,"w":-0.03413819521665573},"size":1.4346789121627808,"orthographic":false}