{"cameraMode":{"drawMode":0,"name":"Shaded","section":"Shading Mode"},"sceneLighting":false,"audioPlay":false,"sceneViewState":{"showFog":true,"showMaterialUpdate":true,"showSkybox":false,"showFlares":true,"showImageEffects":true,"showParticleSystems":true},"in2DMode":false,"pivot":{"x":-0.39315176010131838,"y":0.47770965099334719,"z":0.24060630798339845},"rotation":{"x":0.07464051246643067,"y":-0.922481119632721,"z":0.2272138148546219,"w":0.30303871631622317},"size":1.099194884300232,"orthographic":false}