{"cameraMode":{"drawMode":0,"name":"Shaded","section":"Shading Mode"},"sceneLighting":true,"audioPlay":false,"sceneViewState":{"showFog":true,"showMaterialUpdate":false,"showSkybox":true,"showFlares":true,"showImageEffects":true,"showParticleSystems":true},"in2DMode":false,"pivot":{"x":-97.05123901367188,"y":13.14596939086914,"z":-105.83269500732422},"rotation":{"x":-0.052594903856515887,"y":0.8993151187896729,"z":-0.11282964795827866,"w":-0.4192114472389221},"size":2.146732807159424,"orthographic":false}