{"cameraMode":{"drawMode":0,"name":"Shaded","section":"Shading Mode"},"sceneLighting":true,"audioPlay":false,"sceneViewState":{"showFog":true,"showMaterialUpdate":false,"showSkybox":true,"showFlares":true,"showImageEffects":true,"showParticleSystems":true},"in2DMode":false,"pivot":{"x":10.300945281982422,"y":2.603078842163086,"z":40.893001556396487},"rotation":{"x":-0.41292625665664675,"y":0.4357123076915741,"z":-0.23538649082183839,"w":-0.7643595337867737},"size":4.093012809753418,"orthographic":false}