{"cameraMode":{"drawMode":0,"name":"Shaded","section":"Shading Mode"},"sceneLighting":false,"audioPlay":false,"sceneViewState":{"showFog":true,"showMaterialUpdate":true,"showSkybox":false,"showFlares":true,"showImageEffects":true,"showParticleSystems":true},"in2DMode":false,"pivot":{"x":-2.3947954177856447,"y":1.575977087020874,"z":0.7034189701080322},"rotation":{"x":-0.07570688426494599,"y":0.9208306670188904,"z":-0.22564394772052766,"w":-0.308938205242157},"size":1.9577617645263672,"orthographic":false}