{"cameraMode":{"drawMode":0,"name":"Shaded","section":"Shading Mode"},"sceneLighting":true,"audioPlay":false,"sceneViewState":{"showFog":true,"showMaterialUpdate":false,"showSkybox":true,"showFlares":true,"showImageEffects":true,"showParticleSystems":true},"in2DMode":false,"pivot":{"x":11.664961814880371,"y":2.6155686378479006,"z":43.74626922607422},"rotation":{"x":-0.41292625665664675,"y":0.4357123076915741,"z":-0.23538649082183839,"w":-0.7643595337867737},"size":4.246732711791992,"orthographic":false}