{"cameraMode":{"drawMode":0,"name":"Shaded","section":"Shading Mode"},"sceneLighting":false,"audioPlay":false,"sceneViewState":{"showFog":true,"showMaterialUpdate":true,"showSkybox":false,"showFlares":true,"showImageEffects":true,"showParticleSystems":true},"in2DMode":false,"pivot":{"x":-0.21412676572799684,"y":0.19033479690551759,"z":0.0},"rotation":{"x":-0.04541002959012985,"y":-0.9472898244857788,"z":0.27630892395973208,"w":-0.15568654239177705},"size":0.8660253882408142,"orthographic":false}