{"cameraMode":{"drawMode":0,"name":"Shaded","section":"Shading Mode"},"sceneLighting":false,"audioPlay":false,"sceneViewState":{"showFog":true,"showMaterialUpdate":false,"showSkybox":false,"showFlares":true,"showImageEffects":true,"showParticleSystems":true},"in2DMode":false,"pivot":{"x":0.004433631896972656,"y":0.007434111088514328,"z":-0.08299076557159424},"rotation":{"x":-0.08631949126720429,"y":0.91080242395401,"z":-0.24503521621227265,"w":-0.3208518624305725},"size":1.1030280590057374,"orthographic":false}