{"cameraMode":{"drawMode":0,"name":"Shaded","section":"Shading Mode"},"sceneLighting":false,"audioPlay":false,"sceneViewState":{"showFog":true,"showMaterialUpdate":false,"showSkybox":false,"showFlares":true,"showImageEffects":true,"showParticleSystems":true},"in2DMode":false,"pivot":{"x":0.2283327877521515,"y":5.670464038848877,"z":0.06894399970769882},"rotation":{"x":-0.44129499793052676,"y":0.558314859867096,"z":-0.48262500762939455,"w":-0.5105119943618774},"size":1.1689714193344117,"orthographic":false}